Type,Name,Request Count,Failure Count,Median Response Time,Average Response Time,Min Response Time,Max Response Time,Average Content Size,Requests/s,Failures/s,50%,66%,75%,80%,90%,95%,98%,99%,99.9%,99.99%,100%
GET,1. Homepage,17,8,1200.0,1209.8856941139436,52.09949996788055,2542.483599972911,178425.35294117648,0.8369191770475736,0.39384431861062286,1200,1900,2000,2200,2300,2500,2500,2500,2500,2500,2500
GET,2. Páginas de Servicios,36,36,220.0,667.2948944421174,50.86899996967986,1733.3438000059687,92.41666666666667,1.7722994337478029,1.7722994337478029,230,1400,1400,1400,1500,1500,1700,1700,1700,1700,1700
GET,3. Blog,5,5,220.0,400.32476000487804,52.45760001707822,1451.6778999823146,95.8,0.24615269913163929,0.24615269913163929,220,220,220,1500,1500,1500,1500,1500,1500,1500,1500
GET,4. Contacto,7,7,320.0,597.9311285856446,52.55110003054142,1465.6063999864273,95.28571428571429,0.344613778784295,0.344613778784295,320,480,1400,1400,1500,1500,1500,1500,1500,1500,1500
,Aggregated,65,56,320.0,781.1971492304181,50.86899996967986,2542.483599972911,46733.907692307694,3.1999850887113106,2.75691023027436,320,1400,1400,1500,1700,2200,2300,2500,2500,2500,2500
